deal_id,funded_amount,funded_date,industry_id
a4Gf1000000nS5ZEAU,175000,4/3/2020,3
a4Gf1000000nS5jEAE,3800,5/21/2019,3
a4Gf1000000nS5nEAE,6600,9/25/2020,3
a4Gf1000000nS5pEAE,13000,4/27/2020,4
a4Gf1000000nS5uEAE,5600,3/14/2020,3
a4Gf1000000nS5vEAE,180000,8/12/2018,3
a4Gf1000000nS64EAE,35000,6/25/2019,1
a4Gf1000000nS6CEAU,45000,3/17/2019,1
a4Gf1000000nS6IEAU,20000,1/1/2018,1
a4Gf1000000nS6JEAU,3900,1/20/2019,4
a4Gf1000000nS6KEAU,8800,4/19/2020,4
a4Gf1000000nS6LEAU,8000,10/3/2020,2
a4Gf1000000nS6gEAE,3800,10/23/2020,2
a4Gf1000000nS6oEAE,10000,12/6/2020,1
a4Gf1000000nS6qEAE,8000,3/20/2020,4
a4Gf1000000nS6rEAE,3500,2/1/2019,1
a4Gf1000000nS6sEAE,25000,7/26/2019,1
a4Gf1000000nS6xEAE,8800,11/22/2020,3
a4Gf1000000nS73EAE,30000,9/27/2020,3
a4Gf1000000nS74EAE,9000,1/27/2020,2
a4Gf1000000nS7AEAU,85000,1/1/2020,1
a4Gf1000000nS7JEAU,8800,6/9/2018,4
a4Gf1000000nS7MEAU,12000,10/3/2018,3
a4Gf1000000nS7WEAU,22000,9/26/2020,1
a4Gf1000000nS7fEAE,7500,6/6/2018,3
a4Gf1000000nS7iEAE,6500,6/19/2020,3
a4Gf1000000nS7mEAE,4500,5/23/2019,3
a4Gf1000000nS7nEAE,5200,6/26/2019,3
a4Gf1000000nSL5EAM,7000,10/10/2019,1
a4Gf1000000nSLFEA2,8800,8/23/2020,1
a4Gf1000000nSLLEA2,12500,2/16/2020,2
a4Gf1000000nSLMEA2,16000,6/3/2019,1
a4Gf1000000nSLSEA2,2500,10/17/2018,2
a4Gf1000000nSLVEA2,4000,6/14/2020,4
a4Gf1000000nSLXEA2,13000,12/14/2020,3
a4Gf1000000nSLeEAM,17000,8/12/2020,3
a4Gf1000000nSLjEAM,8800,2/3/2019,1
a4Gf1000000nSLmEAM,20000,1/9/2020,4
a4Gf1000000nSLnEAM,12000,12/18/2019,2
a4Gf1000000nSLuEAM,10000,7/24/2018,1
a4Gf1000000nSLzEAM,55000,12/23/2020,2
a4Gf1000000nSM0EAM,100000,5/8/2018,4
a4Gf1000000nSM1EAM,10500,10/15/2020,3
a4Gf1000000nSM5EAM,12000,3/14/2020,1
a4Gf1000000nSM9EAM,11000,8/3/2020,1
a4Gf1000000nSMCEA2,7000,5/15/2018,1
a4Gf1000000nSMHEA2,20000,9/5/2018,1
a4Gf1000000nSMKEA2,6300,5/15/2018,1
a4Gf1000000nSMREA2,4000,8/1/2020,4
a4Gf1000000nSMUEA2,34000,11/19/2018,1
a4Gf1000000nSMVEA2,8800,1/6/2019,3
a4Gf1000000nSMWEA2,4500,9/24/2020,2
a4Gf1000000nSMXEA2,4500,5/10/2018,1
a4Gf1000000nSMYEA2,6000,9/26/2020,1
a4Gf1000000nSMbEAM,6500,10/17/2019,3
a4Gf1000000nSMeEAM,3300,1/12/2019,2
a4Gf1000000nSMjEAM,4500,2/26/2018,3
a4Gf1000000nSMrEAM,5000,6/27/2018,2
a4Gf1000000nSMsEAM,13000,8/12/2020,4
a4Gf1000000nSMvEAM,6600,5/24/2019,4
a4Gf1000000nSMyEAM,20000,6/12/2020,3
a4Gf1000000nSMzEAM,7000,7/1/2018,2
a4Gf1000000nSN0EAM,5500,12/24/2020,3
a4Gf1000000nSN5EAM,9500,9/7/2019,3
a4Gf1000000nSN8EAM,85000,11/19/2019,3
a4Gf1000000nSN9EAM,2500,7/27/2020,4
a4Gf1000000nSNKEA2,5000,6/20/2019,3
a4Gf1000000nSNVEA2,3000,5/5/2019,4
a4Gf1000000nSNbEAM,18000,12/1/2018,2
a4Gf1000000nSNmEAM,16000,12/26/2020,2
a4Gf1000000nSNnEAM,10000,7/18/2019,4
a4Gf1000000nSNvEAM,5000,1/9/2018,1
a4Gf1000000nSNwEAM,2500,12/2/2019,2
a4Gf1000000nSNxEAM,3000,8/3/2018,4
a4Gf1000000nSNzEAM,10500,5/23/2019,2
a4Gf1000000nSO9EAM,20000,1/3/2018,4
a4Gf1000000nSOGEA2,15000,3/11/2018,4
a4Gf1000000nSOKEA2,4000,5/1/2018,3
a4Gf1000000nSOMEA2,8500,2/1/2019,2
a4Gf1000000nSONEA2,7500,7/18/2018,2
a4Gf1000000nSOREA2,4500,4/17/2020,2
a4Gf1000000nSOTEA2,12000,7/3/2018,3
a4Gf1000000nSOaEAM,4000,6/3/2020,4
a4Gf1000000nSOhEAM,25000,9/2/2018,2
a4Gf1000000nSOiEAM,200000,6/25/2019,4
a4Gf1000000nSOnEAM,15000,3/18/2018,2
a4Gf1000000nSOoEAM,20000,10/9/2018,4
a4Gf1000000nSOqEAM,5500,10/19/2019,2
a4Gf1000000nSOrEAM,9500,3/3/2018,4
a4Gf1000000nSOsEAM,3000,10/13/2020,4
a4Gf1000000nSOtEAM,15000,4/30/2019,3
a4Gf1000000nSP2EAM,2500,4/26/2020,3
a4Gf1000000nSP7EAM,12000,2/26/2018,2
a4Gf1000000nSP9EAM,10000,3/24/2018,3
a4Gf1000000nSPCEA2,11000,11/1/2018,3
a4Gf1000000nSPIEA2,4000,12/21/2019,3
a4Gf1000000nSPPEA2,7500,3/19/2019,2
a4Gf1000000nSPREA2,5500,12/30/2020,2
a4Gf1000000nSPSEA2,14000,7/6/2019,4
a4Gf1000000nSPTEA2,7000,10/17/2018,2
a4Gf1000000nSPVEA2,35000,7/26/2019,4
a4Gf1000000nSPYEA2,25000,11/2/2018,3
a4Gf1000000nSPbEAM,15000,4/10/2018,2
a4Gf1000000nSPgEAM,50000,1/29/2018,4
a4Gf1000000nSPhEAM,15000,9/13/2020,4
a4Gf1000000nSPiEAM,4000,1/20/2020,2
a4Gf1000000nSPjEAM,7000,10/22/2020,3
a4Gf1000000nSPkEAM,10000,11/15/2018,4
a4Gf1000000nSPqEAM,17500,5/6/2020,4
a4Gf1000000nSPrEAM,25000,9/26/2018,2
a4Gf1000000nSPvEAM,75000,12/17/2019,3
a4Gf1000000nSPwEAM,1800,3/29/2019,2
a4Gf1000000nSPxEAM,5300,8/26/2020,2
a4Gf1000000nSQ2EAM,8800,3/22/2019,4
a4Gf1000000nSQ8EAM,7000,1/11/2020,3
a4Gf1000000nSQBEA2,5600,11/1/2019,3
a4Gf1000000nSQCEA2,7500,4/19/2018,2
a4Gf1000000nSQDEA2,4000,4/29/2020,2
a4Gf1000000nSQFEA2,45000,12/20/2019,2
a4Gf1000000nSQNEA2,7800,5/19/2019,4
a4Gf1000000nSQPEA2,13000,10/11/2018,4
a4Gf1000000nSQTEA2,5500,11/29/2020,2
a4Gf1000000nSQWEA2,20000,9/8/2020,2
a4Gf1000000nSQgEAM,3500,5/8/2020,4
a4Gf1000000nSQkEAM,5500,1/26/2020,2
a4Gf1000000nSQlEAM,10000,3/10/2018,3
a4Gf1000000nSQmEAM,12000,9/7/2018,3
a4Gf1000000nSQoEAM,35000,8/7/2018,2
a4Gf1000000nSQqEAM,125000,2/23/2020,2
a4Gf1000000nSQsEAM,6500,11/28/2019,2
a4Gf1000000nSQtEAM,5500,8/25/2020,4
a4Gf1000000nSRFEA2,9000,6/10/2018,3
a4Gf1000000nSRGEA2,20000,2/23/2019,3
a4Gf1000000nSRKEA2,17000,7/11/2020,3
a4Gf1000000nSRREA2,5000,9/28/2020,2
a4Gf1000000nSRXEA2,13000,12/27/2020,2
a4Gf1000000nSRYEA2,20000,11/10/2018,2
a4Gf1000000nSRiEAM,16500,12/12/2020,2
a4Gf1000000nSRmEAM,6000,12/10/2020,2
a4Gf1000000nSRsEAM,4500,4/10/2019,2
a4Gf1000000nSRuEAM,20000,3/3/2019,4
a4Gf1000000nSRwEAM,1700,3/4/2018,3
a4Gf1000000nSRzEAM,3500,12/10/2020,3
a4Gf1000000nSS0EAM,70000,5/20/2020,1
a4Gf1000000nSS3EAM,2240,11/14/2019,4
a4Gf1000000nSS7EAM,37500,1/23/2018,3
a4Gf1000000nSSAEA2,7000,5/20/2019,4
a4Gf1000000nSSJEA2,12000,11/6/2019,3
a4Gf1000000nSSKEA2,5000,2/18/2020,2
a4Gf1000000nSSLEA2,7000,1/13/2020,3
a4Gf1000000nSSOEA2,35000,5/3/2020,2
a4Gf1000000nSSYEA2,35000,2/4/2019,2
a4Gf1000000nSScEAM,2200,11/28/2020,4
a4Gf1000000nSShEAM,2000,7/11/2020,4
a4Gf1000000nSSjEAM,15000,4/5/2020,3
a4Gf1000000nSSsEAM,8800,12/14/2020,1
a4Gf1000000nSSwEAM,12000,12/6/2019,3
a4Gf1000000nSSyEAM,5600,3/26/2019,2
a4Gf1000000nST1EAM,10000,8/5/2020,2
a4Gf1000000nST3EAM,7040,11/28/2019,4
a4Gf1000000nST6EAM,3800,6/15/2020,4
a4Gf1000000nSTCEA2,20000,10/2/2018,2
a4Gf1000000nSTDEA2,40000,10/29/2020,4
a4Gf1000000nSTEEA2,7000,7/4/2018,4
a4Gf1000000nSTJEA2,4500,11/17/2020,2
a4Gf1000000nSTNEA2,30000,11/4/2019,4
a4Gf1000000nSdvEAE,10000,7/29/2018,1
a4Gf1000000nSe0EAE,14000,1/11/2020,3
a4Gf1000000nSe1EAE,10000,2/5/2019,2
a4Gf1000000nSe3EAE,15000,4/24/2019,4
a4Gf1000000nSe5EAE,25000,4/23/2018,1
a4Gf1000000nSeDEAU,5600,11/10/2018,4
a4Gf1000000nSeLEAU,5500,4/20/2019,2
a4Gf1000000nSeXEAU,15000,8/18/2018,3
a4Gf1000000nSeZEAU,12000,10/29/2019,1
a4Gf1000000nSebEAE,4000,6/2/2018,1
a4Gf1000000nSedEAE,16000,4/9/2020,2
a4Gf1000000nSekEAE,2800,12/19/2019,2
a4Gf1000000nSenEAE,24000,2/11/2018,2
a4Gf1000000nSepEAE,14000,3/26/2018,4
a4Gf1000000nSesEAE,8800,5/13/2020,4
a4Gf1000000nSetEAE,6000,9/13/2020,2
a4Gf1000000nSewEAE,10000,8/21/2020,2
a4Gf1000000nSf9EAE,4500,6/27/2019,3
a4Gf1000000nSfCEAU,17000,11/2/2019,3
a4Gf1000000nSfDEAU,3500,7/28/2020,2
a4Gf1000000nSfLEAU,2500,3/10/2020,2
a4Gf1000000nSfOEAU,10000,10/23/2019,4
a4Gf1000000nSfVEAU,3500,5/16/2019,2
a4Gf1000000nSfXEAU,10000,8/10/2020,2
a4Gf1000000nSfbEAE,2500,3/9/2018,2
a4Gf1000000nSfdEAE,5000,3/21/2019,4
a4Gf1000000nSfgEAE,35000,9/5/2018,2
a4Gf1000000nSfiEAE,150000,1/10/2020,1
a4Gf1000000nSfjEAE,11000,9/12/2019,4
a4Gf1000000nSfqEAE,82500,2/8/2019,2
a4Gf1000000nSftEAE,15000,4/16/2019,1
a4Gf1000000nSfxEAE,4000,7/25/2020,4
a4Gf1000000nSfyEAE,30000,7/24/2019,2
a4Gf1000000nSg0EAE,80000,11/30/2020,4
a4Gf1000000nSg8EAE,22000,6/12/2019,4
a4Gf1000000nSgEEAU,6000,4/29/2018,3
a4Gf1000000nSgKEAU,25000,8/7/2020,4
a4Gf1000000nSgPEAU,7100,12/31/2020,2
a4Gf1000000nSgSEAU,19000,9/10/2018,4
a4Gf1000000nSgTEAU,20000,1/31/2018,2
a4Gf1000000nSgUEAU,20000,12/11/2020,1
a4Gf1000000nSgWEAU,6000,11/15/2020,4
a4Gf1000000nSgZEAU,4000,7/24/2019,1
a4Gf1000000nSgbEAE,2200,4/7/2019,1
a4Gf1000000nSgeEAE,10000,11/20/2018,2
a4Gf1000000nSggEAE,20000,10/22/2020,2
a4Gf1000000nSgjEAE,15000,12/9/2019,1
a4Gf1000000nSguEAE,35000,10/26/2019,4
a4Gf1000000nSgvEAE,3000,3/17/2020,1
a4Gf1000000nSh7EAE,50000,4/10/2019,4
a4Gf1000000nShBEAU,5700,4/28/2018,3
a4Gf1000000nShCEAU,5000,11/10/2019,1
a4Gf1000000nShFEAU,28500,5/15/2020,2
a4Gf1000000nShOEAU,8000,1/20/2019,4
a4Gf1000000nShQEAU,30000,7/23/2019,2
a4Gf1000000nShTEAU,30000,11/5/2019,2
a4Gf1000000nShUEAU,24000,3/24/2020,1
a4Gf1000000nSheEAE,25000,5/25/2018,3
a4Gf1000000nShkEAE,8000,9/17/2020,3
a4Gf1000000nShqEAE,4000,3/19/2019,3
a4Gf1000000nShsEAE,10000,7/4/2020,4
a4Gf1000000nShuEAE,10000,1/14/2019,4
a4Gf1000000nShvEAE,13000,12/5/2020,2
a4Gf1000000nShxEAE,22000,5/24/2019,2
a4Gf1000000nSi1EAE,100000,10/27/2020,2
a4Gf1000000nSi3EAE,20000,1/22/2019,1
a4Gf1000000nSiFEAU,3300,1/2/2019,4
a4Gf1000000nSiIEAU,40000,12/29/2020,1
a4Gf1000000nSiNEAU,6000,1/7/2020,2
a4Gf1000000nSiOEAU,15000,4/4/2019,4
a4Gf1000000nSiTEAU,5600,7/17/2019,2
a4Gf1000000nSiiEAE,8800,11/20/2018,1
a4Gf1000000nSikEAE,5500,2/24/2020,4
a4Gf1000000nSimEAE,8800,7/12/2019,2
a4Gf1000000nSinEAE,10000,5/10/2018,2
a4Gf1000000nSioEAE,6000,9/8/2018,2
a4Gf1000000nSizEAE,26000,7/19/2019,4
a4Gf1000000nSj7EAE,3800,5/6/2019,2
a4Gf1000000nSjAEAU,21500,1/13/2018,3
a4Gf1000000nSjMEAU,12000,12/6/2019,4
a4Gf1000000nSjQEAU,15000,10/10/2019,1
a4Gf1000000nSjSEAU,4700,9/25/2020,4
a4Gf1000000nSjaEAE,5000,4/26/2018,1
a4Gf1000000nSjcEAE,6000,6/19/2018,3
a4Gf1000000nSjhEAE,5000,9/17/2018,3
a4Gf1000000nSjlEAE,5000,9/19/2019,4
a4Gf1000000nSjpEAE,5000,9/6/2019,1
a4Gf1000000nSjtEAE,3000,8/5/2019,2
a4Gf1000000nSjzEAE,4500,9/21/2020,3
a4Gf1000000nSk3EAE,12000,9/25/2020,2
a4Gf1000000nSk4EAE,60000,9/27/2020,3
a4Gf1000000nSk8EAE,14000,10/10/2020,2
a4Gf1000000nSkAEAU,12000,12/21/2019,4
a4Gf1000000nSkDEAU,6000,2/17/2018,3
a4Gf1000000nSkGEAU,3500,12/3/2020,2
a4Gf1000000nSkIEAU,8800,3/19/2020,4
a4Gf1000000nSkJEAU,7000,5/30/2019,2
a4Gf1000000nSkPEAU,18000,11/9/2018,2
a4Gf1000000nSkUEAU,20000,10/2/2019,4
a4Gf1000000nSkVEAU,4200,3/24/2020,3
a4Gf1000000nSkeEAE,30000,4/16/2020,1
a4Gf1000000nSkgEAE,25000,6/10/2020,1
a4Gf1000000nSkhEAE,35000,3/28/2020,1
a4Gf1000000nSklEAE,5800,4/11/2018,2
a4Gf1000000nSkqEAE,5000,10/3/2019,4
a4Gf1000000nSkyEAE,20000,5/20/2020,1
a4Gf1000000nSl0EAE,5000,8/25/2020,2
a4Gf1000000nSl1EAE,25000,8/9/2020,3
a4Gf1000000nSl4EAE,12000,3/6/2020,4
a4Gf1000000nSlAEAU,20000,3/10/2019,3
a4Gf1000000nSlCEAU,6000,6/18/2018,4
a4Gf1000000nSlIEAU,6600,6/20/2018,3
a4Gf1000000nSlJEAU,8000,7/4/2019,4
a4Gf1000000nSlLEAU,4000,12/30/2018,1
a4Gf1000000nSlUEAU,4500,8/9/2020,3
a4Gf1000000nSlYEAU,3500,10/13/2018,2
a4Gf1000000nSldEAE,25000,1/20/2020,1
a4Gf1000000nSlhEAE,6000,4/30/2020,1
a4Gf1000000nSlmEAE,40000,7/7/2020,2
a4Gf1000000nSlnEAE,8800,10/26/2019,3
a4Gf1000000nSlrEAE,17500,4/25/2018,4
a4Gf1000000nSluEAE,60000,11/22/2018,2
a4Gf1000000nSlzEAE,10000,8/26/2018,3
a4Gf1000000nSm5EAE,26000,3/17/2018,4
a4Gf1000000nSmCEAU,6000,7/22/2018,3
a4Gf1000000nSmHEAU,21000,12/25/2019,4
a4Gf1000000nSmKEAU,6100,3/20/2020,2
a4Gf1000000nSmOEAU,11000,7/28/2019,3
a4Gf1000000nSmPEAU,1800,10/15/2019,2
a4Gf1000000nSmSEAU,5500,3/28/2019,2
a4Gf1000000nSmUEAU,5600,6/14/2019,2
a4Gf1000000nSmXEAU,2000,6/19/2019,4
a4Gf1000000nSmdEAE,12000,11/28/2019,3
a4Gf1000000nSmmEAE,6700,9/25/2019,3
a4Gf1000000nSmoEAE,23000,6/7/2019,4
a4Gf1000000nSmqEAE,11000,6/24/2019,4
a4Gf1000000nSmsEAE,4000,6/5/2018,4
a4Gf1000000nSn6EAE,21000,3/3/2019,2
a4Gf1000000nSnDEAU,3200,1/19/2018,1
a4Gf1000000nSnEEAU,1400,12/16/2018,4
a4Gf1000000nSnLEAU,4600,4/29/2018,3
a4Gf1000000nSnPEAU,4500,12/23/2018,4
a4Gf1000000nSnVEAU,22000,5/1/2018,1
a4Gf1000000nSnXEAU,12000,10/31/2018,2
a4Gf1000000nSnaEAE,10000,5/31/2018,1
a4Gf1000000nSncEAE,13000,4/18/2018,1
a4Gf1000000nSneEAE,13000,8/18/2020,3
a4Gf1000000nSnfEAE,4000,1/23/2019,4
a4Gf1000000nSniEAE,7000,5/29/2018,2
a4Gf1000000nSnmEAE,5000,9/18/2020,2
a4Gf1000000nSnqEAE,12000,7/20/2020,2
a4Gf1000000nSnrEAE,20000,5/15/2019,2
a4Gf1000000nSnzEAE,3200,10/31/2018,2
a4Gf1000000nSo2EAE,4000,8/28/2020,2
a4Gf1000000nSo6EAE,55000,8/3/2019,4
a4Gf1000000nSoEEAU,7500,8/5/2018,4
a4Gf1000000nS5YEAU,7000,5/24/2018,3
a4Gf1000000nS5bEAE,9500,1/11/2019,4
a4Gf1000000nS5hEAE,6600,11/25/2019,2
a4Gf1000000nS5oEAE,9000,7/6/2020,3
a4Gf1000000nS5sEAE,7500,8/1/2020,1
a4Gf1000000nS5xEAE,2500,11/1/2018,2
a4Gf1000000nS60EAE,4000,10/4/2020,4
a4Gf1000000nS66EAE,3500,5/15/2019,4
a4Gf1000000nS67EAE,45000,7/14/2018,4
a4Gf1000000nS6AEAU,5000,3/27/2018,2
a4Gf1000000nS6DEAU,22500,8/30/2019,4
a4Gf1000000nS6EEAU,6600,10/15/2019,4
a4Gf1000000nS6MEAU,6600,3/24/2018,3
a4Gf1000000nS6OEAU,14000,9/30/2018,4
a4Gf1000000nS6REAU,90000,12/19/2020,4
a4Gf1000000nS6TEAU,21600,2/8/2019,2
a4Gf1000000nS6YEAU,12000,2/22/2018,1
a4Gf1000000nS6ZEAU,12000,9/20/2019,4
a4Gf1000000nS6aEAE,15000,3/18/2019,1
a4Gf1000000nS6bEAE,4200,5/11/2019,2
a4Gf1000000nS6eEAE,10000,4/23/2020,4
a4Gf1000000nS6hEAE,4000,3/10/2019,4
a4Gf1000000nS6vEAE,16000,4/28/2018,2
a4Gf1000000nS6wEAE,13000,5/27/2019,2
a4Gf1000000nS71EAE,30000,11/14/2019,2
a4Gf1000000nS77EAE,15000,5/12/2020,2
a4Gf1000000nS78EAE,17000,3/22/2018,3
a4Gf1000000nS7FEAU,23000,10/29/2018,3
a4Gf1000000nS7HEAU,6000,12/11/2020,4
a4Gf1000000nS7KEAU,25000,3/31/2018,2
a4Gf1000000nS7NEAU,20000,9/26/2018,3
a4Gf1000000nS7QEAU,4200,4/3/2019,3
a4Gf1000000nS7TEAU,8800,7/23/2020,1
a4Gf1000000nS7VEAU,7900,4/19/2020,3
a4Gf1000000nS7aEAE,14000,1/25/2019,4
a4Gf1000000nS7bEAE,25000,4/27/2019,3
a4Gf1000000nS7dEAE,30000,6/3/2019,4
a4Gf1000000nS7eEAE,20000,4/2/2018,4
a4Gf1000000nS7gEAE,2500,11/8/2020,4
a4Gf1000000nS7jEAE,8000,4/29/2020,4
a4Gf1000000nS7lEAE,2500,6/30/2020,4
a4Gf1000000nS7pEAE,5500,8/30/2019,2
a4Gf1000000nSL8EAM,8800,6/23/2020,1
a4Gf1000000nSLGEA2,8000,9/18/2019,2
a4Gf1000000nSLJEA2,35000,4/16/2019,1
a4Gf1000000nSLNEA2,18000,10/21/2018,2
a4Gf1000000nSLQEA2,12000,10/2/2020,3
a4Gf1000000nSLREA2,3000,12/6/2019,2
a4Gf1000000nSLbEAM,8500,3/7/2018,3
a4Gf1000000nSLfEAM,21000,8/14/2019,1
a4Gf1000000nSLgEAM,6000,6/13/2020,2
a4Gf1000000nSLiEAM,16000,4/25/2018,4
a4Gf1000000nSLkEAM,13000,5/31/2019,4
a4Gf1000000nSLpEAM,35000,8/22/2020,2
a4Gf1000000nSLsEAM,2500,11/11/2019,4
a4Gf1000000nSLwEAM,12000,11/29/2018,1
a4Gf1000000nSM6EAM,3500,10/1/2018,3
a4Gf1000000nSM7EAM,22000,6/10/2020,2
a4Gf1000000nSM8EAM,35000,3/29/2018,3
a4Gf1000000nSMFEA2,7500,5/10/2018,4
a4Gf1000000nSMGEA2,22000,7/27/2018,1
a4Gf1000000nSMJEA2,10800,12/22/2018,3
a4Gf1000000nSMLEA2,18500,12/18/2020,4
a4Gf1000000nSMNEA2,35000,12/25/2018,4
a4Gf1000000nSMPEA2,5000,10/6/2020,2
a4Gf1000000nSMSEA2,3000,7/13/2019,2
a4Gf1000000nSMaEAM,8000,3/9/2019,3
a4Gf1000000nSMfEAM,13000,6/3/2018,3
a4Gf1000000nSMkEAM,8500,8/16/2019,2
a4Gf1000000nSMmEAM,10000,9/28/2018,2
a4Gf1000000nSMnEAM,12000,5/15/2020,1
a4Gf1000000nSMoEAM,25000,4/20/2019,4
a4Gf1000000nSMtEAM,11000,11/26/2018,1
a4Gf1000000nSMuEAM,7000,1/16/2020,4
a4Gf1000000nSN1EAM,40000,5/16/2019,2
a4Gf1000000nSN4EAM,5600,10/4/2020,1
a4Gf1000000nSN6EAM,12000,3/29/2018,2
a4Gf1000000nSNCEA2,28000,8/11/2020,1
a4Gf1000000nSNEEA2,5500,1/25/2018,2
a4Gf1000000nSNFEA2,3200,11/5/2019,4
a4Gf1000000nSNGEA2,12500,10/22/2020,3
a4Gf1000000nSNIEA2,17000,7/11/2018,2
a4Gf1000000nSNNEA2,3000,11/14/2020,3
a4Gf1000000nSNPEA2,2500,8/1/2018,3
a4Gf1000000nSNREA2,10000,12/7/2018,4
a4Gf1000000nSNaEAM,16000,7/22/2018,2
a4Gf1000000nSNiEAM,23000,8/15/2019,2
a4Gf1000000nSNoEAM,40000,2/22/2018,4
a4Gf1000000nSNpEAM,30000,7/19/2018,2
a4Gf1000000nSNsEAM,15000,2/18/2019,4
a4Gf1000000nSO2EAM,10000,10/8/2019,3
a4Gf1000000nSO6EAM,125000,6/27/2020,4
a4Gf1000000nSOAEA2,15000,5/10/2019,1
a4Gf1000000nSOEEA2,5600,1/8/2018,2
a4Gf1000000nSOFEA2,30000,7/10/2020,4
a4Gf1000000nSOHEA2,4500,11/28/2018,4
a4Gf1000000nSOIEA2,10000,10/1/2019,2
a4Gf1000000nSOLEA2,10000,8/4/2018,2
a4Gf1000000nSOcEAM,10000,1/22/2018,3
a4Gf1000000nSOdEAM,35000,7/31/2020,2
a4Gf1000000nSOeEAM,5600,5/20/2020,4
a4Gf1000000nSOjEAM,12000,9/2/2020,1
a4Gf1000000nSOkEAM,2500,3/17/2018,2
a4Gf1000000nSOlEAM,7500,4/22/2020,2
a4Gf1000000nSOmEAM,4000,1/29/2020,1
a4Gf1000000nSOpEAM,5300,11/5/2019,2
a4Gf1000000nSOuEAM,8800,12/22/2019,4
a4Gf1000000nSOxEAM,2000,3/4/2020,2
a4Gf1000000nSOyEAM,150000,3/28/2019,4
a4Gf1000000nSP0EAM,4000,10/23/2019,1
a4Gf1000000nSP1EAM,12000,1/1/2020,2
a4Gf1000000nSP4EAM,8800,8/3/2020,2
a4Gf1000000nSP5EAM,20000,2/11/2019,2
a4Gf1000000nSPAEA2,6600,10/16/2020,3
a4Gf1000000nSPBEA2,21000,6/13/2019,3
a4Gf1000000nSPDEA2,15000,1/16/2019,4
a4Gf1000000nSPGEA2,2200,4/22/2020,4
a4Gf1000000nSPHEA2,25000,11/16/2019,1
a4Gf1000000nSPKEA2,10000,7/14/2020,2
a4Gf1000000nSPOEA2,8800,10/22/2018,2
a4Gf1000000nSPUEA2,3000,8/5/2018,4
a4Gf1000000nSPWEA2,12000,5/12/2018,2
a4Gf1000000nSPXEA2,2800,12/29/2020,3
a4Gf1000000nSPaEAM,15000,12/23/2018,1
a4Gf1000000nSPcEAM,19500,10/3/2018,1
a4Gf1000000nSPfEAM,22000,6/7/2019,4
a4Gf1000000nSPmEAM,25000,1/16/2018,4
a4Gf1000000nSQ3EAM,7500,12/18/2019,1
a4Gf1000000nSQ4EAM,12000,4/22/2020,4
a4Gf1000000nSQ5EAM,22000,12/13/2020,1
a4Gf1000000nSQAEA2,5500,8/14/2020,2
a4Gf1000000nSQKEA2,46000,3/7/2020,4
a4Gf1000000nSQLEA2,4500,6/4/2019,4
a4Gf1000000nSQOEA2,9500,10/21/2018,4
a4Gf1000000nSQQEA2,35000,1/11/2020,1
a4Gf1000000nSQVEA2,45000,2/12/2020,2
a4Gf1000000nSQZEA2,3500,12/21/2019,3
a4Gf1000000nSQbEAM,1500,9/14/2018,4
a4Gf1000000nSQdEAM,8000,12/7/2020,1
a4Gf1000000nSQnEAM,35000,9/24/2018,3
a4Gf1000000nSQpEAM,20000,2/26/2018,2
a4Gf1000000nSQuEAM,5600,3/27/2020,3
a4Gf1000000nSR5EAM,12000,12/21/2019,2
a4Gf1000000nSR8EAM,11000,9/12/2020,2
a4Gf1000000nSR9EAM,150000,12/13/2019,1
a4Gf1000000nSRCEA2,15000,10/4/2020,3
a4Gf1000000nSRIEA2,9000,8/20/2018,2
a4Gf1000000nSRSEA2,10000,8/12/2018,1
a4Gf1000000nSRTEA2,25000,8/23/2019,3
a4Gf1000000nSRaEAM,24500,12/24/2018,2
a4Gf1000000nSRbEAM,22000,6/29/2018,3
a4Gf1000000nSRlEAM,4000,12/9/2018,2
a4Gf1000000nSRnEAM,30000,11/27/2019,1
a4Gf1000000nSRtEAM,3000,3/17/2020,2
a4Gf1000000nSRyEAM,3000,6/5/2018,4
a4Gf1000000nSS4EAM,8800,7/15/2018,1
a4Gf1000000nSS5EAM,7800,10/16/2018,2
a4Gf1000000nSS6EAM,8000,7/28/2019,4
a4Gf1000000nSS8EAM,44000,10/4/2018,3
a4Gf1000000nSSBEA2,3500,5/21/2018,1
a4Gf1000000nSSEEA2,18000,8/16/2018,2
a4Gf1000000nSSGEA2,4500,6/17/2018,2
a4Gf1000000nSSMEA2,4000,3/21/2018,2
a4Gf1000000nSSNEA2,7500,7/14/2019,3
a4Gf1000000nSSPEA2,45000,3/15/2020,2
a4Gf1000000nSSQEA2,16000,12/15/2020,2
a4Gf1000000nSSREA2,25000,10/3/2019,2
a4Gf1000000nSSaEAM,10000,7/12/2020,2
a4Gf1000000nSSdEAM,10500,5/13/2019,1
a4Gf1000000nSSkEAM,6600,3/24/2019,4
a4Gf1000000nSSnEAM,33000,3/15/2018,1
a4Gf1000000nSSuEAM,11000,12/6/2019,4
a4Gf1000000nST0EAM,135000,1/7/2018,2
a4Gf1000000nST9EAM,25000,5/17/2018,2
a4Gf1000000nSTBEA2,11000,8/30/2019,4
a4Gf1000000nSTLEA2,16000,7/22/2020,1
a4Gf1000000nSTMEA2,9200,8/12/2020,2
a4Gf1000000nSTOEA2,30000,4/21/2019,4
a4Gf1000000nSTPEA2,23000,10/11/2019,3
a4Gf1000000nSTQEA2,30000,10/6/2019,1
a4Gf1000000nSdtEAE,15000,12/30/2018,2
a4Gf1000000nSe2EAE,4800,12/10/2019,3
a4Gf1000000nSeAEAU,12000,10/7/2020,1
a4Gf1000000nSeBEAU,3000,10/25/2020,4
a4Gf1000000nSeEEAU,6000,10/26/2018,2
a4Gf1000000nSeFEAU,4500,6/30/2019,2
a4Gf1000000nSeTEAU,3000,5/28/2019,4
a4Gf1000000nSeVEAU,75000,12/22/2020,4
a4Gf1000000nSefEAE,6000,12/13/2019,3
a4Gf1000000nSeoEAE,4000,1/17/2019,2
a4Gf1000000nSeuEAE,40000,1/10/2019,3
a4Gf1000000nSexEAE,23000,6/27/2018,4
a4Gf1000000nSf1EAE,7000,4/9/2019,4
a4Gf1000000nSf2EAE,40000,8/12/2019,4
a4Gf1000000nSfAEAU,7500,8/16/2019,4
a4Gf1000000nSfGEAU,3300,11/11/2020,2
a4Gf1000000nSfMEAU,3500,1/19/2018,3
a4Gf1000000nSfPEAU,3000,7/26/2020,2
a4Gf1000000nSfWEAU,10000,7/16/2020,4
a4Gf1000000nSfeEAE,3500,3/21/2018,3
a4Gf1000000nSfhEAE,14000,4/11/2018,1
a4Gf1000000nSfnEAE,18000,5/15/2018,4
a4Gf1000000nSfoEAE,20000,11/25/2018,4
a4Gf1000000nSfsEAE,75000,12/3/2019,4
a4Gf1000000nSfzEAE,10000,3/18/2020,3
a4Gf1000000nSg1EAE,21000,11/25/2018,2
a4Gf1000000nSg5EAE,5200,8/30/2018,3
a4Gf1000000nSg9EAE,30000,2/2/2020,1
a4Gf1000000nSgCEAU,7800,1/24/2020,2
a4Gf1000000nSgIEAU,20000,10/17/2019,4
a4Gf1000000nSgLEAU,13500,3/18/2019,2
a4Gf1000000nSgNEAU,10000,4/12/2018,4
a4Gf1000000nSgREAU,14000,7/5/2018,4
a4Gf1000000nSgaEAE,4200,7/15/2020,4
a4Gf1000000nSgdEAE,10000,9/12/2019,4
a4Gf1000000nSgfEAE,5800,11/10/2020,3
a4Gf1000000nSgmEAE,6300,12/16/2020,1
a4Gf1000000nSh0EAE,10000,8/14/2018,4
a4Gf1000000nSh2EAE,4000,1/7/2019,3
a4Gf1000000nSh5EAE,50000,6/6/2018,4
a4Gf1000000nShHEAU,4500,6/19/2018,2
a4Gf1000000nShIEAU,5500,12/8/2020,1
a4Gf1000000nShJEAU,5500,3/8/2020,3
a4Gf1000000nShLEAU,6000,9/2/2019,1
a4Gf1000000nShNEAU,15500,12/29/2019,2
a4Gf1000000nShXEAU,30000,11/12/2019,2
a4Gf1000000nShfEAE,6600,11/19/2019,2
a4Gf1000000nShhEAE,13500,3/10/2018,4
a4Gf1000000nShjEAE,23000,2/20/2019,4
a4Gf1000000nShlEAE,6600,10/19/2018,3
a4Gf1000000nShmEAE,6000,6/5/2020,3
a4Gf1000000nShnEAE,6000,1/21/2019,3
a4Gf1000000nShyEAE,27000,5/23/2018,4
a4Gf1000000nSi8EAE,11000,9/8/2020,3
a4Gf1000000nSiBEAU,150000,12/29/2020,2
a4Gf1000000nSiCEAU,20000,11/15/2018,4
a4Gf1000000nSiGEAU,37500,4/3/2019,1
a4Gf1000000nSiHEAU,6600,5/20/2019,2
a4Gf1000000nSiKEAU,40000,6/21/2019,3
a4Gf1000000nSiLEAU,40000,6/17/2020,3
a4Gf1000000nSiWEAU,23000,3/14/2020,4
a4Gf1000000nSiXEAU,210000,11/1/2019,4
a4Gf1000000nSiZEAU,6000,10/31/2018,4
a4Gf1000000nSifEAE,6600,5/26/2020,4
a4Gf1000000nSihEAE,15000,5/29/2018,4
a4Gf1000000nSivEAE,11000,2/23/2019,3
a4Gf1000000nSj2EAE,6600,6/13/2018,4
a4Gf1000000nSj6EAE,5600,6/28/2018,1
a4Gf1000000nSj8EAE,5500,8/17/2018,4
a4Gf1000000nSj9EAE,6000,2/22/2019,4
a4Gf1000000nSjFEAU,3000,2/13/2020,2
a4Gf1000000nSjJEAU,13000,3/17/2019,1
a4Gf1000000nSjNEAU,40000,8/23/2020,2
a4Gf1000000nSjOEAU,11000,12/4/2019,2
a4Gf1000000nSjPEAU,10000,6/18/2019,3
a4Gf1000000nSjTEAU,4000,12/1/2019,4
a4Gf1000000nSjUEAU,12000,6/17/2018,2
a4Gf1000000nSjVEAU,17500,2/25/2019,4
a4Gf1000000nSjXEAU,75000,3/31/2018,4
a4Gf1000000nSjkEAE,15500,2/24/2020,2
a4Gf1000000nSjnEAE,38500,5/23/2019,3
a4Gf1000000nSjoEAE,4500,10/24/2019,4
a4Gf1000000nSjrEAE,15000,8/16/2018,3
a4Gf1000000nSjuEAE,55000,6/4/2020,4
a4Gf1000000nSk9EAE,12000,4/21/2019,1
a4Gf1000000nSkKEAU,6300,3/3/2019,1
a4Gf1000000nSkMEAU,3200,8/7/2019,4
a4Gf1000000nSkNEAU,3000,11/1/2018,4
a4Gf1000000nSkREAU,10000,4/6/2020,3
a4Gf1000000nSkTEAU,23000,5/27/2018,4
a4Gf1000000nSkWEAU,16000,2/22/2020,1
a4Gf1000000nSkaEAE,3500,4/1/2018,4
a4Gf1000000nSkbEAE,4500,8/18/2019,4
a4Gf1000000nSkiEAE,38000,4/23/2018,4
a4Gf1000000nSkoEAE,35000,1/19/2020,3
a4Gf1000000nSksEAE,4000,5/30/2019,2
a4Gf1000000nSktEAE,5000,8/28/2019,3
a4Gf1000000nSkuEAE,75000,8/26/2020,4
a4Gf1000000nSkwEAE,2500,10/2/2019,4
a4Gf1000000nSkxEAE,4000,1/7/2019,4
a4Gf1000000nSl7EAE,4000,2/5/2018,3
a4Gf1000000nSl9EAE,3800,2/11/2020,2
a4Gf1000000nSlBEAU,18000,12/31/2018,3
a4Gf1000000nSlGEAU,12000,9/16/2020,1
a4Gf1000000nSlMEAU,5000,6/21/2019,4
a4Gf1000000nSlQEAU,11000,10/5/2020,2
a4Gf1000000nSlSEAU,13000,1/31/2019,3
a4Gf1000000nSlTEAU,19000,1/6/2018,4
a4Gf1000000nSlVEAU,75000,10/5/2020,1
a4Gf1000000nSlXEAU,175000,11/11/2019,4
a4Gf1000000nSlaEAE,20000,9/17/2019,2
a4Gf1000000nSlcEAE,14000,1/16/2018,2
a4Gf1000000nSleEAE,2800,1/8/2020,2
a4Gf1000000nSlgEAE,6600,2/11/2019,3
a4Gf1000000nSlsEAE,10000,1/3/2018,2
a4Gf1000000nSm3EAE,8500,4/9/2018,2
a4Gf1000000nSm8EAE,2500,6/1/2020,2
a4Gf1000000nSmAEAU,16000,2/24/2020,4
a4Gf1000000nSmBEAU,4000,11/5/2019,1
a4Gf1000000nSmGEAU,17000,11/9/2018,2
a4Gf1000000nSmJEAU,41000,3/24/2019,2
a4Gf1000000nSmLEAU,25000,5/8/2020,4
a4Gf1000000nSmNEAU,11000,8/29/2019,2
a4Gf1000000nSmYEAU,35000,2/28/2018,2
a4Gf1000000nSmZEAU,35000,7/5/2019,4
a4Gf1000000nSmcEAE,3500,7/1/2019,2
a4Gf1000000nSmhEAE,4000,12/2/2019,2
a4Gf1000000nSmjEAE,18000,7/1/2020,1
a4Gf1000000nSmkEAE,6000,4/14/2018,2
a4Gf1000000nSmwEAE,25000,4/19/2019,1
a4Gf1000000nSmxEAE,8800,7/1/2020,3
a4Gf1000000nSn1EAE,3000,9/1/2019,2
a4Gf1000000nSn3EAE,35000,3/11/2018,3
a4Gf1000000nSn5EAE,11000,12/4/2020,1
a4Gf1000000nSnBEAU,10000,12/6/2018,1
a4Gf1000000nSnGEAU,25000,8/10/2020,4
a4Gf1000000nSnIEAU,17500,4/28/2019,2
a4Gf1000000nSnMEAU,8000,12/17/2020,3
a4Gf1000000nSnNEAU,38000,9/28/2020,2
a4Gf1000000nSnREAU,2500,10/10/2019,2
a4Gf1000000nSnTEAU,6000,12/26/2018,1
a4Gf1000000nSnWEAU,3200,2/29/2020,2
a4Gf1000000nSnYEAU,13000,10/14/2019,2
a4Gf1000000nSnhEAE,6000,4/25/2020,2
a4Gf1000000nSnjEAE,14000,10/11/2019,2
a4Gf1000000nSnkEAE,12000,5/21/2020,2
a4Gf1000000nSnlEAE,2500,11/9/2018,2
a4Gf1000000nSntEAE,7700,12/15/2018,2
a4Gf1000000nSnuEAE,8000,2/20/2020,2
a4Gf1000000nSnxEAE,4000,9/3/2018,1
a4Gf1000000nSoAEAU,15000,7/27/2018,2
a4Gf1000000nSoCEAU,16300,1/7/2020,2
a4Gf1000000nSoQEAU,102500,12/3/2018,1
a4Gf1000000nS5aEAE,25000,4/2/2019,1
a4Gf1000000nS5dEAE,8500,2/6/2019,1
a4Gf1000000nS5fEAE,10000,2/21/2019,2
a4Gf1000000nS5iEAE,12000,1/5/2018,4
a4Gf1000000nS5lEAE,5000,2/18/2019,3
a4Gf1000000nS5qEAE,25000,1/7/2019,3
a4Gf1000000nS5wEAE,7500,5/22/2019,2
a4Gf1000000nS5zEAE,3800,5/16/2020,2
a4Gf1000000nS61EAE,4000,11/14/2019,2
a4Gf1000000nS6PEAU,25000,5/6/2018,2
a4Gf1000000nS6QEAU,4500,7/12/2019,4
a4Gf1000000nS6SEAU,28000,4/11/2019,2
a4Gf1000000nS6VEAU,19000,5/31/2019,1
a4Gf1000000nS6XEAU,2500,1/27/2019,3
a4Gf1000000nS6cEAE,3700,4/15/2018,4
a4Gf1000000nS6dEAE,15000,2/3/2020,4
a4Gf1000000nS6iEAE,3500,9/7/2018,2
a4Gf1000000nS6jEAE,14000,4/13/2018,2
a4Gf1000000nS6kEAE,6600,9/2/2020,2
a4Gf1000000nS6lEAE,6000,1/23/2019,2
a4Gf1000000nS6nEAE,5500,6/4/2020,3
a4Gf1000000nS6pEAE,34000,11/29/2019,1
a4Gf1000000nS6yEAE,3500,3/19/2020,4
a4Gf1000000nS6zEAE,45000,7/13/2019,4
a4Gf1000000nS75EAE,120000,6/11/2020,2
a4Gf1000000nS79EAE,7000,4/8/2019,4
a4Gf1000000nS7DEAU,5000,12/3/2019,2
a4Gf1000000nS7IEAU,30000,5/15/2018,1
a4Gf1000000nS7LEAU,7000,1/11/2018,2
a4Gf1000000nS7OEAU,17500,8/1/2019,1
a4Gf1000000nS7REAU,15000,3/24/2019,1
a4Gf1000000nS7SEAU,5500,5/15/2019,3
a4Gf1000000nS7YEAU,3000,7/9/2020,2
a4Gf1000000nS7ZEAU,15000,4/18/2020,4
a4Gf1000000nS7hEAE,7200,12/20/2018,1
a4Gf1000000nS7sEAE,15000,5/31/2019,2
a4Gf1000000nSL7EAM,4000,5/11/2019,3
a4Gf1000000nSLBEA2,2500,9/23/2020,2
a4Gf1000000nSLCEA2,3600,9/10/2019,3
a4Gf1000000nSLOEA2,3000,2/12/2018,4
a4Gf1000000nSLWEA2,30000,5/11/2020,4
a4Gf1000000nSLYEA2,2500,5/13/2018,3
a4Gf1000000nSLaEAM,6000,12/2/2020,3
a4Gf1000000nSLdEAM,12000,3/25/2020,2
a4Gf1000000nSLhEAM,2500,7/25/2020,2
a4Gf1000000nSLqEAM,20000,10/25/2019,1
a4Gf1000000nSLrEAM,4500,9/1/2020,3
a4Gf1000000nSLxEAM,5600,7/30/2018,3
a4Gf1000000nSM3EAM,10000,4/9/2020,4
a4Gf1000000nSMAEA2,50000,9/8/2020,4
a4Gf1000000nSMEEA2,30000,8/26/2018,4
a4Gf1000000nSMIEA2,4000,4/5/2018,4
a4Gf1000000nSMMEA2,4500,11/19/2018,4
a4Gf1000000nSMOEA2,15000,8/3/2020,4
a4Gf1000000nSMQEA2,2800,7/20/2019,2
a4Gf1000000nSMdEAM,4500,4/7/2018,1
a4Gf1000000nSMhEAM,18000,12/16/2020,3
a4Gf1000000nSMlEAM,9000,9/7/2020,3
a4Gf1000000nSMpEAM,3500,5/7/2020,3
a4Gf1000000nSMwEAM,2200,12/5/2019,2
a4Gf1000000nSN3EAM,4000,12/26/2019,3
a4Gf1000000nSNBEA2,5000,3/26/2019,4
a4Gf1000000nSNHEA2,10000,3/11/2020,3
a4Gf1000000nSNJEA2,7000,6/27/2020,2
a4Gf1000000nSNMEA2,10000,11/27/2019,2
a4Gf1000000nSNOEA2,9500,10/17/2020,4
a4Gf1000000nSNQEA2,4800,8/8/2020,3
a4Gf1000000nSNSEA2,8800,7/22/2020,2
a4Gf1000000nSNWEA2,5000,4/1/2019,4
a4Gf1000000nSNZEA2,60000,11/26/2020,4
a4Gf1000000nSNdEAM,16000,9/15/2018,1
a4Gf1000000nSNeEAM,5600,12/13/2019,1
a4Gf1000000nSNhEAM,16800,3/11/2020,3
a4Gf1000000nSNjEAM,2000,12/9/2018,3
a4Gf1000000nSNqEAM,20000,5/17/2019,3
a4Gf1000000nSNrEAM,8000,9/8/2020,2
a4Gf1000000nSO0EAM,12500,11/19/2020,2
a4Gf1000000nSO1EAM,2500,2/11/2020,2
a4Gf1000000nSO4EAM,2800,8/13/2018,2
a4Gf1000000nSO7EAM,7800,12/16/2018,1
a4Gf1000000nSOBEA2,37500,3/18/2019,4
a4Gf1000000nSODEA2,2500,7/22/2018,4
a4Gf1000000nSOJEA2,15000,11/21/2019,1
a4Gf1000000nSOOEA2,17000,10/20/2018,3
a4Gf1000000nSOPEA2,26000,11/1/2020,1
a4Gf1000000nSOSEA2,16000,3/10/2019,4
a4Gf1000000nSOUEA2,4000,7/26/2020,2
a4Gf1000000nSOVEA2,12000,7/12/2019,1
a4Gf1000000nSOWEA2,18000,7/7/2018,3
a4Gf1000000nSOZEA2,20000,2/12/2019,3
a4Gf1000000nSOvEAM,5000,1/29/2018,1
a4Gf1000000nSPFEA2,3500,7/31/2019,1
a4Gf1000000nSPLEA2,8800,5/12/2020,2
a4Gf1000000nSPMEA2,7000,11/7/2018,1
a4Gf1000000nSPdEAM,2500,7/21/2019,3
a4Gf1000000nSPsEAM,3500,8/15/2018,4
a4Gf1000000nSPuEAM,8800,7/8/2018,1
a4Gf1000000nSPyEAM,6600,7/11/2018,1
a4Gf1000000nSQ0EAM,8800,10/4/2019,4
a4Gf1000000nSQ1EAM,8800,6/12/2019,2
a4Gf1000000nSQ7EAM,2500,12/29/2018,2
a4Gf1000000nSQ9EAM,1500,12/1/2020,4
a4Gf1000000nSQEEA2,35000,5/3/2018,3
a4Gf1000000nSQGEA2,5600,12/8/2018,3
a4Gf1000000nSQJEA2,3500,9/23/2020,4
a4Gf1000000nSQREA2,7800,6/9/2019,4
a4Gf1000000nSQSEA2,7800,5/11/2019,4
a4Gf1000000nSQaEAM,5600,10/23/2020,3
a4Gf1000000nSQcEAM,4000,10/29/2018,1
a4Gf1000000nSQeEAM,5000,6/8/2019,4
a4Gf1000000nSQxEAM,25000,9/4/2018,4
a4Gf1000000nSQzEAM,115000,7/19/2019,4
a4Gf1000000nSR0EAM,4000,3/10/2019,4
a4Gf1000000nSR7EAM,11000,6/2/2020,3
a4Gf1000000nSRAEA2,4500,4/10/2020,1
a4Gf1000000nSREEA2,32000,8/13/2019,3
a4Gf1000000nSRHEA2,5000,6/8/2018,4
a4Gf1000000nSRJEA2,100000,4/4/2018,2
a4Gf1000000nSRUEA2,12000,3/24/2020,1
a4Gf1000000nSRWEA2,4500,6/6/2020,4
a4Gf1000000nSRdEAM,3500,9/21/2019,4
a4Gf1000000nSRgEAM,7500,5/15/2020,4
a4Gf1000000nSRjEAM,17000,7/29/2020,2
a4Gf1000000nSRpEAM,25000,7/6/2018,2
a4Gf1000000nSRqEAM,5600,10/23/2020,2
a4Gf1000000nSRvEAM,28000,12/15/2019,3
a4Gf1000000nSS1EAM,5800,1/10/2019,2
a4Gf1000000nSS2EAM,4000,7/29/2019,2
a4Gf1000000nSS9EAM,36000,4/20/2020,1
a4Gf1000000nSSHEA2,10000,12/8/2020,4
a4Gf1000000nSSIEA2,5000,8/14/2018,1
a4Gf1000000nSSSEA2,35000,12/25/2018,2
a4Gf1000000nSSTEA2,20000,4/25/2018,2
a4Gf1000000nSSUEA2,7300,6/11/2018,1
a4Gf1000000nSSWEA2,13000,6/18/2018,2
a4Gf1000000nSSXEA2,8800,8/15/2020,1
a4Gf1000000nSSZEA2,25000,5/8/2018,1
a4Gf1000000nSSbEAM,7800,10/21/2019,4
a4Gf1000000nSSiEAM,4000,12/13/2018,4
a4Gf1000000nSSlEAM,10600,12/17/2018,2
a4Gf1000000nSSmEAM,12000,1/15/2018,2
a4Gf1000000nSSoEAM,7000,9/13/2019,2
a4Gf1000000nSSpEAM,5000,3/29/2018,3
a4Gf1000000nSStEAM,47500,7/24/2019,4
a4Gf1000000nST4EAM,2000,10/2/2018,2
a4Gf1000000nST5EAM,3500,3/6/2018,2
a4Gf1000000nST7EAM,5600,10/7/2019,2
a4Gf1000000nST8EAM,7500,6/3/2020,1
a4Gf1000000nSTGEA2,20000,10/10/2020,2
a4Gf1000000nSTIEA2,10000,3/15/2018,3
a4Gf1000000nSdxEAE,6500,10/22/2020,2
a4Gf1000000nSdyEAE,35000,5/22/2020,4
a4Gf1000000nSe4EAE,15000,3/21/2020,2
a4Gf1000000nSe8EAE,3000,1/2/2018,3
a4Gf1000000nSeHEAU,10000,9/6/2018,4
a4Gf1000000nSeJEAU,4000,8/6/2019,4
a4Gf1000000nSeNEAU,15000,5/27/2018,1
a4Gf1000000nSeQEAU,4000,6/16/2020,4
a4Gf1000000nSeUEAU,100000,3/3/2018,1
a4Gf1000000nSeYEAU,8000,4/6/2018,2
a4Gf1000000nSecEAE,4000,6/10/2018,4
a4Gf1000000nSeeEAE,4000,3/25/2020,4
a4Gf1000000nSegEAE,100000,10/8/2018,4
a4Gf1000000nSelEAE,4500,10/24/2020,4
a4Gf1000000nSemEAE,5000,9/26/2018,2
a4Gf1000000nSeqEAE,30000,12/14/2020,2
a4Gf1000000nSerEAE,18000,3/9/2019,4
a4Gf1000000nSevEAE,4000,5/3/2019,4
a4Gf1000000nSf3EAE,25000,12/15/2019,4
a4Gf1000000nSf4EAE,3500,5/28/2018,2
a4Gf1000000nSf7EAE,15000,9/10/2019,2
a4Gf1000000nSfFEAU,2000,4/9/2018,2
a4Gf1000000nSfIEAU,6000,7/3/2018,4
a4Gf1000000nSfREAU,6000,11/6/2018,2
a4Gf1000000nSfUEAU,110000,8/28/2018,1
a4Gf1000000nSfcEAE,8000,2/8/2018,2
a4Gf1000000nSfkEAE,65000,7/17/2018,3
a4Gf1000000nSflEAE,7000,7/2/2020,4
a4Gf1000000nSfuEAE,5000,12/3/2020,3
a4Gf1000000nSfvEAE,100000,7/10/2019,4
a4Gf1000000nSg4EAE,4200,11/14/2020,1
a4Gf1000000nSg6EAE,6000,4/29/2019,3
a4Gf1000000nSgAEAU,100000,4/28/2018,4
a4Gf1000000nSgFEAU,3500,12/17/2020,2
a4Gf1000000nSgJEAU,20000,7/29/2019,3
a4Gf1000000nSgMEAU,22000,6/8/2020,1
a4Gf1000000nSgQEAU,17500,4/2/2020,4
a4Gf1000000nSgVEAU,10000,10/19/2020,4
a4Gf1000000nSgYEAU,10000,5/20/2020,3
a4Gf1000000nSgkEAE,15000,8/3/2020,2
a4Gf1000000nSgyEAE,7000,10/19/2018,4
a4Gf1000000nSh1EAE,25000,7/26/2019,4
a4Gf1000000nSh4EAE,5000,7/31/2019,1
a4Gf1000000nSh8EAE,6000,4/15/2018,2
a4Gf1000000nSh9EAE,20000,11/6/2018,2
a4Gf1000000nShKEAU,7500,8/2/2020,2
a4Gf1000000nShWEAU,10000,4/6/2018,3
a4Gf1000000nShZEAU,17500,9/22/2018,2
a4Gf1000000nShwEAE,3200,5/4/2019,4
a4Gf1000000nShzEAE,25000,3/3/2020,3
a4Gf1000000nSi5EAE,25000,3/2/2020,1
a4Gf1000000nSi6EAE,11200,5/12/2020,2
a4Gf1000000nSi9EAE,20000,10/14/2019,2
a4Gf1000000nSiDEAU,30000,12/13/2019,2
a4Gf1000000nSiJEAU,8500,1/13/2018,4
a4Gf1000000nSiPEAU,8000,11/26/2019,1
a4Gf1000000nSiQEAU,25000,12/3/2019,1
a4Gf1000000nSiREAU,60000,1/29/2020,1
a4Gf1000000nSiSEAU,8000,10/24/2019,3
a4Gf1000000nSiUEAU,8800,1/28/2020,1
a4Gf1000000nSiVEAU,20000,12/7/2020,3
a4Gf1000000nSiYEAU,5700,10/5/2018,4
a4Gf1000000nSibEAE,6600,12/29/2018,3
a4Gf1000000nSicEAE,11000,11/17/2019,3
a4Gf1000000nSijEAE,17000,12/18/2019,4
a4Gf1000000nSilEAE,60000,1/13/2020,4
a4Gf1000000nSipEAE,4500,4/24/2019,3
a4Gf1000000nSiqEAE,3500,5/7/2020,3
a4Gf1000000nSirEAE,2500,8/11/2018,4
a4Gf1000000nSiwEAE,12000,2/19/2019,4
a4Gf1000000nSixEAE,17000,9/15/2019,2
a4Gf1000000nSiyEAE,17500,12/16/2019,3
a4Gf1000000nSj0EAE,4000,12/7/2019,4
a4Gf1000000nSj4EAE,2500,9/16/2020,1
a4Gf1000000nSj5EAE,6600,1/5/2019,2
a4Gf1000000nSjCEAU,30000,7/23/2018,4
a4Gf1000000nSjEEAU,16000,6/5/2020,2
a4Gf1000000nSjREAU,9000,10/16/2018,2
a4Gf1000000nSjWEAU,23500,11/4/2018,4
a4Gf1000000nSjYEAU,5700,5/20/2020,1
a4Gf1000000nSjbEAE,75000,10/9/2019,4
a4Gf1000000nSjdEAE,4500,7/25/2018,4
a4Gf1000000nSjeEAE,6000,10/3/2018,2
a4Gf1000000nSjjEAE,35000,10/17/2019,4
a4Gf1000000nSjmEAE,17500,8/28/2018,2
a4Gf1000000nSjqEAE,7300,11/4/2018,2
a4Gf1000000nSjwEAE,8800,2/22/2020,4
a4Gf1000000nSk0EAE,13200,7/11/2020,1
a4Gf1000000nSk1EAE,33500,9/5/2020,2
a4Gf1000000nSk7EAE,50000,1/6/2020,4
a4Gf1000000nSkBEAU,30000,7/23/2018,2
a4Gf1000000nSkEEAU,19000,6/19/2019,1
a4Gf1000000nSkFEAU,2300,5/8/2018,4
a4Gf1000000nSkOEAU,14000,3/16/2020,2
a4Gf1000000nSkQEAU,15000,1/16/2019,4
a4Gf1000000nSkSEAU,3000,1/29/2018,4
a4Gf1000000nSkXEAU,7800,10/16/2018,4
a4Gf1000000nSkYEAU,4200,2/8/2018,4
a4Gf1000000nSkfEAE,75000,11/26/2020,4
a4Gf1000000nSkkEAE,3500,3/12/2020,4
a4Gf1000000nSkmEAE,12000,10/17/2019,3
a4Gf1000000nSknEAE,25000,1/23/2018,2
a4Gf1000000nSkrEAE,58000,12/12/2020,4
a4Gf1000000nSkzEAE,6600,9/10/2020,4
a4Gf1000000nSl8EAE,7200,3/15/2019,3
a4Gf1000000nSlDEAU,40000,12/22/2019,2
a4Gf1000000nSlFEAU,7500,9/24/2019,4
a4Gf1000000nSlHEAU,22000,2/22/2018,3
a4Gf1000000nSlKEAU,1500,3/1/2019,2
a4Gf1000000nSlNEAU,5500,7/15/2019,2
a4Gf1000000nSlOEAU,5600,1/3/2020,4
a4Gf1000000nSlZEAU,8800,2/16/2018,4
a4Gf1000000nSlpEAE,6600,4/4/2020,4
a4Gf1000000nSlvEAE,100000,3/7/2018,4
a4Gf1000000nSlxEAE,5800,1/6/2019,4
a4Gf1000000nSlyEAE,3300,12/15/2019,1
a4Gf1000000nSm1EAE,21000,7/27/2019,4
a4Gf1000000nSm2EAE,6500,10/8/2019,2
a4Gf1000000nSm6EAE,16000,11/4/2020,2
a4Gf1000000nSm7EAE,5000,1/20/2018,3
a4Gf1000000nSmDEAU,4000,3/24/2018,2
a4Gf1000000nSmFEAU,10000,3/3/2019,4
a4Gf1000000nSmQEAU,8800,12/28/2019,2
a4Gf1000000nSmREAU,75000,4/26/2019,3
a4Gf1000000nSmTEAU,7500,3/11/2018,2
a4Gf1000000nSmaEAE,15000,2/2/2020,4
a4Gf1000000nSmiEAE,5700,11/17/2020,1
a4Gf1000000nSmpEAE,53000,4/8/2019,1
a4Gf1000000nSmyEAE,11000,8/27/2018,2
a4Gf1000000nSn2EAE,3500,11/10/2018,4
a4Gf1000000nSnCEAU,6600,3/1/2019,3
a4Gf1000000nSnHEAU,16000,5/17/2018,3
a4Gf1000000nSnJEAU,5600,5/12/2018,4
a4Gf1000000nSnKEAU,84000,9/6/2018,4
a4Gf1000000nSnOEAU,7000,10/2/2020,2
a4Gf1000000nSndEAE,52000,8/9/2018,4
a4Gf1000000nSngEAE,20000,2/27/2018,1
a4Gf1000000nSnpEAE,45000,3/14/2019,3
a4Gf1000000nSnsEAE,7000,2/24/2019,2
a4Gf1000000nSo8EAE,23000,3/12/2018,2
a4Gf1000000nSoBEAU,20000,9/20/2018,3
a4Gf1000000nSoIEAU,15000,8/6/2020,2
a4Gf1000000nS5cEAE,12000,12/28/2019,3
a4Gf1000000nS5eEAE,14000,9/8/2020,2
a4Gf1000000nS5gEAE,10000,8/5/2019,4
a4Gf1000000nS5kEAE,12000,2/13/2020,1
a4Gf1000000nS5mEAE,3000,4/27/2018,4
a4Gf1000000nS5rEAE,25000,11/14/2019,2
a4Gf1000000nS5tEAE,100000,9/29/2018,2
a4Gf1000000nS5yEAE,2800,11/30/2019,2
a4Gf1000000nS62EAE,27500,6/6/2020,2
a4Gf1000000nS63EAE,30000,5/3/2018,2
a4Gf1000000nS65EAE,6600,12/7/2020,4
a4Gf1000000nS68EAE,3000,6/6/2020,2
a4Gf1000000nS69EAE,6600,3/11/2020,4
a4Gf1000000nS6BEAU,4500,7/27/2019,4
a4Gf1000000nS6FEAU,5000,8/2/2020,2
a4Gf1000000nS6GEAU,4000,2/8/2020,4
a4Gf1000000nS6HEAU,10000,12/20/2020,3
a4Gf1000000nS6NEAU,11000,4/13/2018,1
a4Gf1000000nS6UEAU,26000,11/16/2019,2
a4Gf1000000nS6WEAU,4500,5/15/2020,3
a4Gf1000000nS6fEAE,1500,12/31/2019,2
a4Gf1000000nS6mEAE,20000,11/16/2019,2
a4Gf1000000nS6tEAE,20000,11/25/2018,4
a4Gf1000000nS6uEAE,4000,6/4/2019,4
a4Gf1000000nS70EAE,10000,3/1/2019,3
a4Gf1000000nS72EAE,24000,1/1/2018,1
a4Gf1000000nS76EAE,21000,7/3/2020,2
a4Gf1000000nS7BEAU,6000,12/13/2018,3
a4Gf1000000nS7CEAU,55000,9/4/2019,4
a4Gf1000000nS7EEAU,20000,5/21/2019,4
a4Gf1000000nS7GEAU,16000,6/14/2020,3
a4Gf1000000nS7PEAU,6000,4/17/2019,3
a4Gf1000000nS7UEAU,7300,1/12/2020,1
a4Gf1000000nS7XEAU,7500,1/30/2018,3
a4Gf1000000nS7cEAE,8800,4/13/2019,1
a4Gf1000000nS7kEAE,1600,7/12/2020,4
a4Gf1000000nS7oEAE,175000,9/21/2018,4
a4Gf1000000nS7qEAE,6600,5/29/2019,1
a4Gf1000000nS7rEAE,115000,10/6/2019,3
a4Gf1000000nSL9EAM,3500,3/11/2020,1
a4Gf1000000nSLHEA2,11000,5/12/2020,2
a4Gf1000000nSLIEA2,10000,10/6/2019,4
a4Gf1000000nSLKEA2,17000,12/23/2020,2
a4Gf1000000nSLPEA2,15000,12/9/2020,3
a4Gf1000000nSLTEA2,12000,12/27/2018,2
a4Gf1000000nSLUEA2,5000,2/12/2020,4
a4Gf1000000nSLZEA2,4500,8/29/2019,4
a4Gf1000000nSLcEAM,10000,9/20/2020,1
a4Gf1000000nSLlEAM,8800,10/6/2018,4
a4Gf1000000nSLoEAM,30000,2/5/2018,3
a4Gf1000000nSLtEAM,12000,8/22/2019,4
a4Gf1000000nSLvEAM,150000,5/21/2020,2
a4Gf1000000nSLyEAM,150000,7/28/2018,1
a4Gf1000000nSM2EAM,21000,10/16/2018,1
a4Gf1000000nSM4EAM,6600,11/1/2018,4
a4Gf1000000nSMBEA2,7800,2/15/2020,4
a4Gf1000000nSMDEA2,50000,2/14/2018,4
a4Gf1000000nSMTEA2,2500,8/23/2018,2
a4Gf1000000nSMZEA2,4600,12/3/2020,1
a4Gf1000000nSMcEAM,20000,6/12/2020,1
a4Gf1000000nSMgEAM,20000,8/8/2020,4
a4Gf1000000nSMiEAM,23000,7/2/2020,4
a4Gf1000000nSMqEAM,30000,12/14/2020,4
a4Gf1000000nSMxEAM,10500,4/12/2020,4
a4Gf1000000nSN2EAM,2800,4/8/2018,2
a4Gf1000000nSN7EAM,30000,11/1/2020,1
a4Gf1000000nSNAEA2,6600,9/30/2019,4
a4Gf1000000nSNDEA2,7000,6/30/2019,4
a4Gf1000000nSNLEA2,25000,11/13/2020,2
a4Gf1000000nSNTEA2,7600,9/27/2018,2
a4Gf1000000nSNUEA2,6000,10/8/2019,4
a4Gf1000000nSNXEA2,12000,5/11/2018,3
a4Gf1000000nSNYEA2,35000,1/8/2018,4
a4Gf1000000nSNcEAM,7600,4/20/2019,4
a4Gf1000000nSNfEAM,50000,2/4/2018,1
a4Gf1000000nSNgEAM,6600,11/22/2020,4
a4Gf1000000nSNkEAM,8000,1/21/2020,3
a4Gf1000000nSNlEAM,85000,1/2/2019,2
a4Gf1000000nSNtEAM,2500,4/30/2018,2
a4Gf1000000nSNuEAM,7800,5/22/2018,3
a4Gf1000000nSNyEAM,80000,2/17/2020,4
a4Gf1000000nSO3EAM,13000,3/3/2019,2
a4Gf1000000nSO5EAM,12000,9/18/2019,4
a4Gf1000000nSO8EAM,10000,10/3/2019,2
a4Gf1000000nSOCEA2,65000,8/27/2020,1
a4Gf1000000nSOQEA2,10000,5/27/2018,2
a4Gf1000000nSOXEA2,6000,7/8/2019,4
a4Gf1000000nSOYEA2,12000,6/6/2019,4
a4Gf1000000nSObEAM,9000,9/14/2020,4
a4Gf1000000nSOfEAM,10000,1/24/2019,1
a4Gf1000000nSOgEAM,35000,6/11/2019,4
a4Gf1000000nSOwEAM,21000,12/18/2019,1
a4Gf1000000nSOzEAM,6000,10/30/2019,4
a4Gf1000000nSP3EAM,6600,9/8/2018,4
a4Gf1000000nSP6EAM,7500,2/28/2020,4
a4Gf1000000nSP8EAM,10000,6/7/2019,2
a4Gf1000000nSPEEA2,20000,2/20/2019,3
a4Gf1000000nSPJEA2,12500,2/7/2018,2
a4Gf1000000nSPNEA2,6000,6/18/2020,4
a4Gf1000000nSPQEA2,7800,4/7/2020,3
a4Gf1000000nSPZEA2,3000,7/27/2018,4
a4Gf1000000nSPeEAM,3500,7/29/2018,1
a4Gf1000000nSPlEAM,20000,4/5/2018,2
a4Gf1000000nSPnEAM,75000,11/9/2020,4
a4Gf1000000nSPoEAM,30000,9/23/2019,2
a4Gf1000000nSPpEAM,20000,1/21/2018,2
a4Gf1000000nSPtEAM,6600,4/27/2019,2
a4Gf1000000nSPzEAM,8800,9/13/2019,2
a4Gf1000000nSQ6EAM,12000,6/23/2019,3
a4Gf1000000nSQHEA2,3000,5/17/2019,3
a4Gf1000000nSQIEA2,9000,1/12/2020,2
a4Gf1000000nSQMEA2,11000,6/23/2018,3
a4Gf1000000nSQUEA2,4700,6/15/2019,3
a4Gf1000000nSQXEA2,35000,10/12/2018,2
a4Gf1000000nSQYEA2,4000,9/14/2019,2
a4Gf1000000nSQfEAM,2800,12/15/2020,2
a4Gf1000000nSQhEAM,10000,9/22/2018,4
a4Gf1000000nSQiEAM,2800,8/17/2020,4
a4Gf1000000nSQjEAM,6600,8/13/2019,4
a4Gf1000000nSQrEAM,2800,8/27/2020,2
a4Gf1000000nSQvEAM,60000,3/26/2019,1
a4Gf1000000nSQwEAM,30000,3/4/2020,4
a4Gf1000000nSQyEAM,15000,7/28/2019,4
a4Gf1000000nSR1EAM,5700,12/14/2019,4
a4Gf1000000nSR2EAM,4500,9/22/2020,3
a4Gf1000000nSR3EAM,5000,9/10/2020,2
a4Gf1000000nSR4EAM,14000,1/12/2018,2
a4Gf1000000nSR6EAM,8000,12/17/2019,4
a4Gf1000000nSRBEA2,6600,3/23/2019,2
a4Gf1000000nSRDEA2,85000,7/6/2018,1
a4Gf1000000nSRLEA2,5000,5/25/2020,3
a4Gf1000000nSRMEA2,4000,3/18/2019,2
a4Gf1000000nSRNEA2,12000,7/15/2020,2
a4Gf1000000nSROEA2,12000,5/18/2019,3
a4Gf1000000nSRPEA2,16000,6/28/2018,1
a4Gf1000000nSRQEA2,20000,8/17/2018,3
a4Gf1000000nSRVEA2,40000,4/13/2019,4
a4Gf1000000nSRZEA2,13000,3/6/2018,2
a4Gf1000000nSRcEAM,6600,10/28/2020,4
a4Gf1000000nSReEAM,4500,1/19/2018,4
a4Gf1000000nSRfEAM,8800,1/25/2020,4
a4Gf1000000nSRhEAM,50000,3/2/2019,2
a4Gf1000000nSRkEAM,3000,6/15/2019,4
a4Gf1000000nSRoEAM,17000,4/16/2018,3
a4Gf1000000nSRrEAM,6600,3/25/2019,4
a4Gf1000000nSRxEAM,2800,11/17/2018,4
a4Gf1000000nSSCEA2,5000,1/29/2018,2
a4Gf1000000nSSDEA2,15000,3/28/2020,2
a4Gf1000000nSSFEA2,6300,8/29/2018,4
a4Gf1000000nSSVEA2,30000,12/1/2020,4
a4Gf1000000nSSeEAM,3000,9/13/2018,2
a4Gf1000000nSSfEAM,13500,10/19/2018,4
a4Gf1000000nSSgEAM,5600,7/2/2018,4
a4Gf1000000nSSqEAM,5500,5/5/2018,2
a4Gf1000000nSSrEAM,8800,6/6/2018,3
a4Gf1000000nSSvEAM,8800,12/23/2019,1
a4Gf1000000nSSxEAM,62500,7/25/2018,2
a4Gf1000000nSSzEAM,7200,11/30/2020,2
a4Gf1000000nST2EAM,17000,7/17/2020,3
a4Gf1000000nSTAEA2,8000,4/6/2018,4
a4Gf1000000nSTFEA2,2000,10/28/2018,4
a4Gf1000000nSTHEA2,7000,3/24/2019,1
a4Gf1000000nSTKEA2,3500,9/22/2019,1
a4Gf1000000nSTREA2,5500,11/2/2018,4
a4Gf1000000nSTSEA2,5400,5/21/2020,4
a4Gf1000000nSTTEA2,14000,7/24/2020,1
a4Gf1000000nSduEAE,25000,5/15/2020,2
a4Gf1000000nSdwEAE,7700,7/5/2019,4
a4Gf1000000nSdzEAE,6300,2/3/2019,4
a4Gf1000000nSe6EAE,10000,7/29/2018,3
a4Gf1000000nSe7EAE,4000,7/19/2020,4
a4Gf1000000nSe9EAE,21000,9/21/2018,2
a4Gf1000000nSeCEAU,125000,4/7/2020,4
a4Gf1000000nSeGEAU,6000,2/29/2020,2
a4Gf1000000nSeIEAU,25000,9/13/2019,3
a4Gf1000000nSeKEAU,20000,3/12/2019,1
a4Gf1000000nSeMEAU,6600,9/27/2018,2
a4Gf1000000nSeOEAU,12000,2/11/2020,3
a4Gf1000000nSePEAU,10000,8/29/2019,1
a4Gf1000000nSeREAU,22000,10/29/2020,3
a4Gf1000000nSeSEAU,17500,2/14/2018,4
a4Gf1000000nSeWEAU,8500,11/11/2018,4
a4Gf1000000nSeaEAE,35000,2/27/2018,1
a4Gf1000000nSehEAE,4600,11/9/2018,3
a4Gf1000000nSeiEAE,110000,11/26/2019,4
a4Gf1000000nSejEAE,5600,12/23/2020,2
a4Gf1000000nSeyEAE,35000,4/10/2018,4
a4Gf1000000nSezEAE,85000,9/7/2020,1
a4Gf1000000nSf0EAE,3600,2/26/2020,3
a4Gf1000000nSf5EAE,8800,10/16/2019,3
a4Gf1000000nSf6EAE,14000,3/13/2018,1
a4Gf1000000nSf8EAE,9000,2/24/2019,2
a4Gf1000000nSfBEAU,5000,11/16/2018,2
a4Gf1000000nSfEEAU,8800,4/13/2018,2
a4Gf1000000nSfHEAU,10000,9/13/2019,3
a4Gf1000000nSfJEAU,3800,5/6/2019,4
a4Gf1000000nSfKEAU,15000,12/17/2020,3
a4Gf1000000nSfNEAU,50000,11/14/2018,2
a4Gf1000000nSfQEAU,5000,2/10/2020,1
a4Gf1000000nSfSEAU,5000,1/6/2018,4
a4Gf1000000nSfTEAU,30000,8/12/2020,4
a4Gf1000000nSfYEAU,4800,3/23/2019,3
a4Gf1000000nSfZEAU,4000,12/17/2018,4
a4Gf1000000nSfaEAE,4500,1/31/2019,3
a4Gf1000000nSffEAE,15000,5/8/2019,3
a4Gf1000000nSfmEAE,7000,6/4/2020,1
a4Gf1000000nSfpEAE,85000,1/10/2019,1
a4Gf1000000nSfrEAE,4500,12/13/2018,4
a4Gf1000000nSfwEAE,8800,3/10/2019,2
a4Gf1000000nSg2EAE,3500,8/15/2020,4
a4Gf1000000nSg3EAE,13000,8/9/2020,2
a4Gf1000000nSg7EAE,13000,1/20/2019,4
a4Gf1000000nSgBEAU,8800,2/1/2018,4
a4Gf1000000nSgDEAU,14000,12/12/2019,1
a4Gf1000000nSgGEAU,2000,2/6/2020,1
a4Gf1000000nSgHEAU,16000,5/31/2019,1
a4Gf1000000nSgOEAU,9200,9/28/2019,4
a4Gf1000000nSgXEAU,100000,4/19/2018,4
a4Gf1000000nSgcEAE,45000,10/4/2019,1
a4Gf1000000nSghEAE,15000,10/1/2020,1
a4Gf1000000nSgiEAE,18000,5/22/2020,3
a4Gf1000000nSglEAE,3200,5/4/2019,3
a4Gf1000000nSgnEAE,20000,10/14/2020,4
a4Gf1000000nSgoEAE,11000,12/23/2018,1
a4Gf1000000nSgpEAE,5000,7/6/2019,2
a4Gf1000000nSgqEAE,3000,10/22/2018,4
a4Gf1000000nSgrEAE,16500,11/27/2020,3
a4Gf1000000nSgsEAE,5500,11/28/2018,4
a4Gf1000000nSgtEAE,7800,11/22/2020,4
a4Gf1000000nSgwEAE,5500,8/28/2019,3
a4Gf1000000nSgxEAE,15000,7/19/2018,2
a4Gf1000000nSgzEAE,7000,8/6/2018,4
a4Gf1000000nSh3EAE,15000,10/27/2019,1
a4Gf1000000nSh6EAE,70000,9/12/2020,2
a4Gf1000000nShAEAU,30000,7/8/2018,4
a4Gf1000000nShDEAU,8800,9/30/2018,4
a4Gf1000000nShEEAU,4100,10/11/2020,4
a4Gf1000000nShGEAU,7500,8/5/2018,4
a4Gf1000000nShMEAU,4000,3/28/2020,4
a4Gf1000000nShPEAU,10000,8/4/2020,3
a4Gf1000000nShREAU,4500,3/23/2020,4
a4Gf1000000nShSEAU,40000,2/26/2018,2
a4Gf1000000nShVEAU,6500,5/6/2018,2
a4Gf1000000nShYEAU,125000,8/22/2019,2
a4Gf1000000nShaEAE,10000,7/5/2018,3
a4Gf1000000nShbEAE,60000,4/2/2020,3
a4Gf1000000nShcEAE,5000,7/7/2019,4
a4Gf1000000nShdEAE,10000,2/19/2020,2
a4Gf1000000nShgEAE,5000,12/19/2020,4
a4Gf1000000nShiEAE,6600,8/8/2020,3
a4Gf1000000nShoEAE,3500,7/14/2020,2
a4Gf1000000nShpEAE,2800,3/23/2019,4
a4Gf1000000nShrEAE,10000,2/26/2019,3
a4Gf1000000nShtEAE,7500,3/13/2019,3
a4Gf1000000nSi2EAE,11000,3/7/2018,1
a4Gf1000000nSi4EAE,15000,5/15/2019,1
a4Gf1000000nSi7EAE,3500,3/1/2020,3
a4Gf1000000nSiAEAU,40000,8/25/2018,3
a4Gf1000000nSiEEAU,8800,1/27/2020,3
a4Gf1000000nSiMEAU,50000,4/22/2019,1
a4Gf1000000nSiaEAE,26000,9/9/2020,2
a4Gf1000000nSidEAE,33000,5/15/2020,2
a4Gf1000000nSieEAE,58000,8/20/2019,3
a4Gf1000000nSigEAE,12000,8/31/2018,2
a4Gf1000000nSisEAE,2500,12/23/2020,3
a4Gf1000000nSitEAE,100000,2/5/2020,4
a4Gf1000000nSiuEAE,75000,4/14/2020,3
a4Gf1000000nSj1EAE,8800,9/25/2020,3
a4Gf1000000nSj3EAE,4000,5/10/2018,2
a4Gf1000000nSjBEAU,8800,5/19/2020,4
a4Gf1000000nSjDEAU,3000,5/25/2019,3
a4Gf1000000nSjGEAU,5500,6/2/2018,3
a4Gf1000000nSjHEAU,32000,5/1/2018,2
a4Gf1000000nSjIEAU,15000,5/5/2019,1
a4Gf1000000nSjKEAU,7000,9/23/2018,4
a4Gf1000000nSjLEAU,20000,1/2/2018,4
a4Gf1000000nSjZEAU,8500,6/15/2019,2
a4Gf1000000nSjfEAE,17000,2/8/2018,1
a4Gf1000000nSjgEAE,5600,9/2/2020,3
a4Gf1000000nSjiEAE,6500,7/3/2019,4
a4Gf1000000nSjsEAE,10500,10/26/2020,2
a4Gf1000000nSjvEAE,5000,6/25/2018,4
a4Gf1000000nSjxEAE,40000,7/18/2018,2
a4Gf1000000nSjyEAE,35000,7/26/2018,4
a4Gf1000000nSk2EAE,10000,3/3/2020,2
a4Gf1000000nSk5EAE,8800,12/14/2018,2
a4Gf1000000nSk6EAE,8000,1/24/2018,4
a4Gf1000000nSkCEAU,5500,9/2/2019,4
a4Gf1000000nSkHEAU,22000,3/27/2018,4
a4Gf1000000nSkLEAU,6500,5/3/2018,4
a4Gf1000000nSkZEAU,23000,10/16/2018,2
a4Gf1000000nSkcEAE,4500,10/25/2020,2
a4Gf1000000nSkdEAE,25000,8/8/2018,2
a4Gf1000000nSkjEAE,3200,6/7/2018,2
a4Gf1000000nSkpEAE,8800,6/25/2020,1
a4Gf1000000nSkvEAE,6000,6/17/2019,3
a4Gf1000000nSl2EAE,5600,11/23/2020,3
a4Gf1000000nSl3EAE,3500,11/15/2018,2
a4Gf1000000nSl5EAE,33500,11/23/2019,4
a4Gf1000000nSl6EAE,4000,2/8/2020,4
a4Gf1000000nSlEEAU,22500,7/27/2020,2
a4Gf1000000nSlPEAU,6600,7/24/2019,3
a4Gf1000000nSlREAU,12000,2/15/2018,2
a4Gf1000000nSlWEAU,6500,2/28/2019,2
a4Gf1000000nSlbEAE,18000,3/24/2018,1
a4Gf1000000nSlfEAE,4000,11/2/2020,1
a4Gf1000000nSliEAE,16000,3/14/2019,4
a4Gf1000000nSljEAE,22000,2/6/2019,1
a4Gf1000000nSlkEAE,30000,9/20/2018,4
a4Gf1000000nSllEAE,8800,8/27/2020,4
a4Gf1000000nSloEAE,150000,8/7/2018,4
a4Gf1000000nSlqEAE,3000,8/26/2018,4
a4Gf1000000nSltEAE,8800,12/13/2020,2
a4Gf1000000nSlwEAE,12000,7/28/2018,2
a4Gf1000000nSm0EAE,7500,4/19/2020,1
a4Gf1000000nSm4EAE,35000,2/13/2018,2
a4Gf1000000nSm9EAE,10000,9/1/2020,3
a4Gf1000000nSmEEAU,5500,11/12/2020,4
a4Gf1000000nSmIEAU,27000,11/12/2018,2
a4Gf1000000nSmMEAU,30000,12/3/2018,1
a4Gf1000000nSmVEAU,10000,7/24/2019,4
a4Gf1000000nSmWEAU,13000,3/9/2018,3
a4Gf1000000nSmbEAE,4800,3/2/2019,2
a4Gf1000000nSmeEAE,20000,11/20/2020,2
a4Gf1000000nSmfEAE,100000,7/14/2019,2
a4Gf1000000nSmgEAE,12000,1/8/2020,3
a4Gf1000000nSmlEAE,22000,3/26/2018,1
a4Gf1000000nSmnEAE,25000,3/10/2019,1
a4Gf1000000nSmrEAE,6500,8/8/2018,1
a4Gf1000000nSmtEAE,7000,3/11/2019,2
a4Gf1000000nSmuEAE,28000,9/6/2020,2
a4Gf1000000nSmvEAE,50000,6/19/2018,2
a4Gf1000000nSmzEAE,10000,2/2/2020,4
a4Gf1000000nSn0EAE,20000,4/29/2018,2
a4Gf1000000nSn4EAE,6000,4/16/2020,2
a4Gf1000000nSn7EAE,22000,12/1/2020,1
a4Gf1000000nSn8EAE,14000,7/20/2019,2
a4Gf1000000nSn9EAE,7000,2/28/2019,4
a4Gf1000000nSnAEAU,7500,8/17/2020,2
a4Gf1000000nSnFEAU,13000,2/4/2020,1
a4Gf1000000nSnQEAU,7500,4/7/2020,3
a4Gf1000000nSnSEAU,5300,12/23/2019,4
a4Gf1000000nSnUEAU,20000,11/1/2019,2
a4Gf1000000nSnZEAU,225000,11/28/2018,1
a4Gf1000000nSnbEAE,5700,2/21/2020,2
a4Gf1000000nSnnEAE,4700,10/24/2018,2
a4Gf1000000nSnoEAE,7500,10/10/2020,4
a4Gf1000000nSnvEAE,40000,5/12/2020,3
a4Gf1000000nSnwEAE,60000,10/20/2019,4
a4Gf1000000nSnyEAE,24000,12/7/2020,3
a4Gf1000000nSo0EAE,5500,7/20/2019,1
a4Gf1000000nSo1EAE,35000,3/16/2020,2
a4Gf1000000nSo3EAE,5500,6/24/2019,4
a4Gf1000000nSo4EAE,15000,1/21/2018,1
a4Gf1000000nSo5EAE,28000,11/9/2018,2
a4Gf1000000nSo7EAE,12000,7/9/2020,2
a4Gf1000000nSo9EAE,10000,1/25/2019,1
a4Gf1000000nSoDEAU,20000,6/27/2018,4